Nodes,AvgPacketLossRatio
2,0.0193717
4,0.0156195
6,0.0553927
8,0.459592
10,0.666539
12,0.777011
