Nodes,AvgPacketLossRatio
2,0.0193717
6,0.018377
10,0.667714
